{
  "alpha": 1.0,
  "coefficients": [
    0.3020887088192231,
    0.42022362257164375,
    1.1701899052349762,
    0.5173716220261099,
    4.646231268635291,
    0.0,
    0.23013161292305453,
    0.4871358067984829,
    -0.037500354726877384,
    0.0,
    -0.8778726796968633
  ],
  "intercept": 10.10244406196214,
  "feature_names": [
    "age_curve",
    "qb_backup_penalty",
    "regression_to_mean",
    "usage_share_raw",
    "weighted_ppg_no_qb_trajectory",
    "usage_share_raw*QB",
    "usage_share_raw*RB",
    "usage_share_raw*WR",
    "usage_share_raw*TE",
    "usage_share_raw*base_ppg",
    "usage_share_raw^2"
  ],
  "interaction_terms": [
    "usage_share_raw*position",
    "usage_share_raw*base_ppg",
    "usage_share_raw^2"
  ],
  "scaler_mean": [
    -0.21361765041980776,
    -0.058252262203233804,
    -0.25767772927279015,
    0.40013316242738733,
    10.104530505870228,
    0.0,
    0.18662225171031205,
    0.15138847916978482,
    0.06212243154729057,
    0.0,
    2.618200641875862
  ],
  "scaler_scale": [
    0.8915988302610639,
    0.3002125293230992,
    0.48844769271846766,
    1.5678310158310118,
    4.867388668071876,
    1.0,
    0.9126805131152899,
    1.261871006355038,
    0.362340935054096,
    1.0,
    29.245971667495454
  ],
  "training_metadata": {
    "seasons": [
      2022,
      2023,
      2024
    ],
    "n_samples": 581,
    "n_features": 11,
    "loso_mae": 2.4902935743384815,
    "train_mae": 2.394130262090016,
    "train_r2": 0.5818467071322561,
    "trained_at": "2026-03-29T06:19:39.101337"
  }
}