{
  "alpha": 10.0,
  "coefficients": [
    0.12724155890302996,
    0.335799703328952,
    0.07228798786447033,
    0.3392279153602995,
    -0.16364631837667024,
    0.7357713603661192,
    0.011976297127493096,
    0.14539136629522137,
    4.072471197540892,
    0.13323819201005851,
    0.0,
    0.162909117991373,
    -0.301809671691904,
    -0.13386118026996352,
    0.0,
    -0.25299325786165655,
    0.0,
    0.0,
    0.11235414894426991,
    -0.14943665732128342,
    0.0,
    -0.16895668287287205,
    0.026658678406830217,
    0.19041597392457707,
    0.23164882017974203,
    -0.16597379358079714
  ],
  "intercept": 10.10244406196214,
  "feature_names": [
    "age_curve",
    "air_yards_share_raw",
    "draft_capital_raw",
    "qb_backup_penalty",
    "racr_raw",
    "regression_to_mean",
    "target_share_raw",
    "usage_share_raw",
    "weighted_ppg_no_qb_trajectory",
    "wopr_raw",
    "usage_share_raw*QB",
    "usage_share_raw*RB",
    "usage_share_raw*WR",
    "usage_share_raw*TE",
    "usage_share_raw*base_ppg",
    "usage_share_raw^2",
    "target_share_raw*QB",
    "target_share_raw*RB",
    "target_share_raw*WR",
    "target_share_raw*TE",
    "wopr_raw*base_ppg",
    "wopr_raw^2",
    "draft_capital_raw*QB",
    "draft_capital_raw*RB",
    "draft_capital_raw*WR",
    "draft_capital_raw*TE"
  ],
  "interaction_terms": [
    "usage_share_raw*position",
    "usage_share_raw*base_ppg",
    "usage_share_raw^2",
    "target_share_raw*position",
    "wopr_raw*base_ppg",
    "wopr_raw^2",
    "draft_capital_raw*position"
  ],
  "scaler_mean": [
    -0.21361765041980776,
    0.05474849950629333,
    0.6839496706614261,
    -0.058252262203233804,
    0.32087051644155085,
    -0.25254494989097837,
    0.046943418892296834,
    0.9624161174323902,
    10.104530505870228,
    0.10873907799285056,
    0.0,
    0.8288223921653797,
    0.09087874216229834,
    0.04271498310471203,
    0.0,
    79.60182318296032,
    0.0,
    0.0,
    0.029358936650500666,
    0.01758448224179619,
    0.0,
    0.04980277528485961,
    0.19437142005612254,
    0.1275478485222978,
    0.24227614298768121,
    0.11143430958853447
  ],
  "scaler_scale": [
    0.8915988302610639,
    0.10417111039845238,
    1.1732244119011268,
    0.3002125293230992,
    0.5858767986193536,
    0.49105398261153527,
    0.08233747314017516,
    8.869925501370735,
    4.867388668071876,
    0.19488095905481442,
    1.0,
    8.870308036419237,
    0.44161593144705197,
    0.16554098518304225,
    1.0,
    1127.149065286596,
    1.0,
    1.0,
    0.0736892011895397,
    0.048804554208537736,
    1.0,
    0.10663890151248806,
    0.854988328888517,
    0.45376431147492624,
    0.751305021119849,
    0.46091578724050813
  ],
  "training_metadata": {
    "seasons": [
      2022,
      2023,
      2024
    ],
    "n_samples": 581,
    "n_features": 26,
    "loso_mae": 2.4283197843698137,
    "train_mae": 2.3612533149061203,
    "train_r2": 0.5900303702753695,
    "trained_at": "2026-05-07T01:48:27.280383"
  }
}