{
  "alpha": 10.0,
  "coefficients": [
    0.4156497332136756,
    0.573327833538919,
    0.006786920332362792,
    0.1632370461409906,
    0.6858793028837478,
    -0.2213288189576353,
    0.42968095260768646,
    -0.16048071862998367,
    0.0762730365843406,
    3.900946439511066,
    0.11097008333237084,
    0.0,
    0.09206600766265412,
    -0.27014076035886253,
    -0.13712336822373847,
    0.0,
    -0.035540911803064415,
    0.0,
    0.0,
    -0.06310008060172086,
    -0.17954058652322358,
    0.0,
    -0.13771197549663178,
    0.17518210319381278,
    0.11810877173310781,
    0.08011218987866746,
    -0.08022312112404176,
    0.0861635290820969,
    0.09203672902554963,
    0.20372699309994105,
    -0.041143414193212206
  ],
  "intercept": 9.687520858164483,
  "feature_names": [
    "age_curve",
    "air_yards_share_raw",
    "draft_capital_raw",
    "implied_team_total_raw",
    "qb_backup_penalty",
    "racr_raw",
    "regression_to_mean",
    "target_share_raw",
    "usage_share_raw",
    "weighted_ppg_no_qb_trajectory",
    "wopr_raw",
    "usage_share_raw*QB",
    "usage_share_raw*RB",
    "usage_share_raw*WR",
    "usage_share_raw*TE",
    "usage_share_raw*base_ppg",
    "usage_share_raw^2",
    "target_share_raw*QB",
    "target_share_raw*RB",
    "target_share_raw*WR",
    "target_share_raw*TE",
    "wopr_raw*base_ppg",
    "wopr_raw^2",
    "draft_capital_raw*QB",
    "draft_capital_raw*RB",
    "draft_capital_raw*WR",
    "draft_capital_raw*TE",
    "implied_team_total_raw*QB",
    "implied_team_total_raw*RB",
    "implied_team_total_raw*WR",
    "implied_team_total_raw*TE"
  ],
  "interaction_terms": [
    "usage_share_raw*position",
    "usage_share_raw*base_ppg",
    "usage_share_raw^2",
    "target_share_raw*position",
    "wopr_raw*base_ppg",
    "wopr_raw^2",
    "draft_capital_raw*position",
    "implied_team_total_raw*position"
  ],
  "scaler_mean": [
    -0.27228735359310247,
    0.05560671167507525,
    0.6604715645634166,
    2.7365166865315853,
    -0.06429343000073086,
    0.3350889790193048,
    -0.19035586338721983,
    0.04804287566544628,
    0.9748262315075223,
    9.99633698112725,
    0.11098901167072213,
    0.0,
    0.8347426642658637,
    0.09850145700804344,
    0.04158211023361459,
    0.0,
    97.14461802145686,
    0.0,
    0.0,
    0.030382067986407458,
    0.017660807679038836,
    0.0,
    0.05075613928679836,
    0.1781768030936705,
    0.12498365346238907,
    0.23870222150097217,
    0.10996344447919423,
    0.9052629618593564,
    -0.2716775923718713,
    1.7195508045292014,
    0.3833805125148987
  ],
  "scaler_scale": [
    0.9635134039778624,
    0.10409810674515184,
    1.1504570320643548,
    42.27722826125618,
    0.32605851404797154,
    0.5930802569396793,
    0.48661572861773095,
    0.0831725891782881,
    9.807870912681347,
    4.820235542139601,
    0.19605503965762996,
    1.0,
    9.806533996334426,
    0.4941742841532622,
    0.15515750901781195,
    1.0,
    1530.0738081110478,
    1.0,
    1.0,
    0.07554201318318933,
    0.047793593232252976,
    1.0,
    0.10978633669409915,
    0.8301494719918286,
    0.4434358082869578,
    0.7458005765052189,
    0.4422855357571124,
    20.21192469329622,
    20.96602668466167,
    20.475502888217722,
    22.8804067801285
  ],
  "training_metadata": {
    "seasons": [
      2022,
      2023,
      2024,
      2025
    ],
    "n_samples": 839,
    "n_features": 31,
    "loso_mae": 2.5244930620148045,
    "train_mae": 2.4315352845776728,
    "train_r2": 0.5938031996290163,
    "trained_at": "2026-05-07T16:20:28.890091"
  }
}